State,"18 or Older
Estimate","18 or Older
95% CI (Lower)","18 or Older
95% CI (Upper)","18-25
Estimate","18-25
95% CI (Lower)","18-25
95% CI (Upper)","26 or Older
Estimate","26 or Older
95% CI (Lower)","26 or Older
95% CI (Upper)",Total Population,Total Poverty,People Below Poverty Level,People Below Poverty %,Per Capita Income,Total Labor Force,Total Employed Civilian,Unemployment Civilian,Unemployment Civilian %,Armed Forces Employment,Total Not Labor Force,Total Houses,Houses with owners,Houses with renters,Houses with mortgage,Total People,Total People with insurance,Total People without insurance,Total People without insurance %
Alabama,19.95%,17.96%,22.10%,21.52%,18.77%,24.56%,19.69%,17.44%,22.16%,4841164,4720592,868666,18.40163268,24736,3864302,2042025,184479,3.810633145,12150,1625648,1851061,1267824,583237,730637,4761291,657349,4103942,86.19389153
Alaska,20.32%,18.30%,22.50%,27.34%,24.11%,30.83%,19.14%,16.90%,21.59%,736855,719064,72826,10.12788848,34191,568732,353954,30139,4.090221278,16382,168257,250235,159313,90922,103704,712964,83618,629346,88.2717781
Arizona,18.02%,15.98%,20.27%,22.39%,19.29%,25.83%,17.30%,15.01%,19.86%,6728577,6573523,1165636,17.73228754,26686,5290839,2879372,249972,3.715079726,17373,2144122,2448919,1531878,917041,991361,6620233,1024109,5596124,84.53061999
Arkansas,20.73%,18.70%,22.91%,24.46%,21.41%,27.79%,20.11%,17.83%,22.61%,2968472,2881404,542431,18.82523242,23401,2339307,1266552,93190,3.139325552,4445,975120,1141480,749452,392028,417765,2915402,346839,2568563,88.1032187
California,18.18%,17.14%,19.26%,24.75%,22.97%,26.62%,17.06%,15.89%,18.30%,38654206,37913144,6004257,15.83687441,31458,30565746,17577142,1683726,4.355867509,130452,11174426,12807387,6929007,5878380,5000119,38151997,4892528,33259469,87.17622042
Colorado,19.86%,17.94%,21.93%,27.72%,24.33%,31.39%,18.58%,16.44%,20.93%,5359295,5241057,637938,12.17193402,33230,4245559,2692529,171695,3.203686306,33135,1348200,2051616,1320617,730999,959882,5267878,716726,4551152,86.39440777
Connecticut,18.18%,16.21%,20.34%,25.56%,22.35%,29.06%,16.98%,14.81%,19.41%,3588570,3479672,360464,10.3591373,39906,2911925,1793688,155005,4.319408567,8367,954865,1354713,900223,454490,625486,3535139,462556,3072583,86.91547914
Delaware,18.65%,16.69%,20.79%,23.52%,20.49%,26.85%,17.93%,15.74%,20.34%,934695,908973,109448,12.0408417,31118,753039,438292,33669,3.602137596,2860,278218,348051,246940,101111,166435,920268,129412,790856,85.93757471
District of Columbia,21.17%,18.99%,23.54%,23.89%,20.77%,27.32%,20.65%,18.17%,23.37%,659009,624954,112060,17.93091972,48781,554780,348225,33326,5.056987082,3505,169724,276546,112672,163874,86201,648263,100874,547389,84.43934021
Florida,17.54%,16.36%,18.79%,22.74%,20.81%,24.79%,16.83%,15.50%,18.24%,19934451,19514334,3139258,16.08693384,27598,16339299,8755427,802016,4.023266053,56151,6725705,7393262,4787320,2605942,2808279,19621207,2976442,16644765,84.83048469
Georgia,18.07%,16.46%,19.80%,21.26%,18.85%,23.89%,17.53%,15.72%,19.51%,10099320,9829056,1746894,17.77275458,26678,7882965,4489112,419113,4.149913063,48862,2925878,3611706,2266411,1345295,1521924,9907239,1217254,8689985,87.7134891
Hawaii,16.27%,14.41%,18.33%,22.94%,19.92%,26.27%,15.36%,13.30%,17.67%,1413673,1375928,148577,10.79831212,30970,1137804,664616,38768,2.742359796,38777,395643,452030,259854,192176,173799,1362574,193989,1168585,85.76304847
Idaho,25.03%,22.64%,27.59%,27.79%,24.36%,31.51%,24.57%,21.86%,27.51%,1635483,1604369,244585,15.2449343,24280,1251275,731170,48385,2.958453252,3459,468261,596107,410538,185569,271206,1614714,206716,1407998,87.19798057
Illinois,16.76%,15.44%,18.17%,22.82%,20.56%,25.24%,15.78%,14.30%,17.38%,12851684,12548538,1753731,13.97558026,31502,10206768,6134121,545635,4.245630378,17244,3509768,4802124,3167081,1635043,2071942,12671738,1514932,11156806,88.04479701
Indiana,20.90%,18.89%,23.06%,27.45%,24.23%,30.92%,19.75%,17.52%,22.19%,6589578,6388926,957694,14.98990597,26117,5185793,3085179,228929,3.474107143,2844,1868841,2513828,1727511,786317,1151827,6490256,796375,5693881,87.72968277
Iowa,19.02%,17.15%,21.03%,25.26%,22.23%,28.55%,17.90%,15.80%,20.22%,3106589,3005808,369828,12.30377988,28872,2459591,1587178,75289,2.423526253,1703,795421,1242641,883119,359522,537848,3062954,397146,2665808,87.03388951
Kansas,19.71%,17.80%,21.77%,24.72%,21.66%,28.05%,18.81%,16.65%,21.19%,2898292,2816191,373162,13.25059273,28478,2255916,1408918,79000,2.7257433,17329,750669,1115858,740343,375515,449676,2839352,344116,2495236,87.88047414
Kentucky,22.29%,20.15%,24.59%,22.83%,19.87%,26.10%,22.21%,19.81%,24.80%,4411989,4275202,804139,18.80938024,24802,3511065,1914189,156509,3.547356986,14735,1425632,1718217,1147903,570314,679545,4327357,562844,3764513,86.99335414
Louisiana,19.11%,17.17%,21.22%,19.67%,16.86%,22.81%,19.02%,16.83%,21.42%,4645670,4514625,889570,19.70418363,25515,3654913,2025728,168326,3.623287922,15085,1445774,1731398,1132785,598613,608680,4542312,522297,4020015,88.50151641
Maine,19.01%,17.08%,21.09%,26.59%,23.40%,30.04%,17.99%,15.88%,20.32%,1329923,1294446,174405,13.47333145,28473,1101688,652638,41620,3.12950449,1770,405660,551109,393966,157143,247365,1315603,159165,1156438,87.90174544
Maryland,16.94%,15.17%,18.88%,23.18%,20.20%,26.46%,15.99%,14.05%,18.14%,5959902,5819563,576835,9.911998547,37756,4764901,3005753,216086,3.625663643,28072,1514990,2177492,1447783,729709,1073797,5864892,833311,5031581,85.79153717
Massachusetts,20.57%,18.52%,22.78%,26.23%,22.87%,29.90%,19.59%,17.31%,22.10%,6742143,6506029,740836,11.38691512,38069,5522235,3468864,252347,3.742830729,4627,1796397,2558889,1588743,970146,1115649,6665525,989817,5675708,85.15020197
Michigan,18.34%,17.01%,19.76%,24.05%,21.92%,26.32%,17.39%,15.87%,19.02%,9909600,9683865,1575066,16.2648488,27549,7953581,4449717,412934,4.167009768,3718,3087212,3860394,2732051,1128343,1687257,9798384,1281090,8517294,86.9254971
Minnesota,18.21%,16.40%,20.18%,28.73%,25.46%,32.24%,16.55%,14.52%,18.79%,5450868,5327019,577196,10.83525326,33225,4311636,2864441,145853,2.675775675,2228,1299114,2135310,1525611,609699,1028263,5392571,682441,4710130,87.34479342
Mississippi,19.04%,16.99%,21.27%,19.70%,16.84%,22.91%,18.92%,16.60%,21.49%,2989192,2893091,645553,22.31360852,21651,2338750,1212650,128840,4.310194862,10307,986953,1098803,746399,352404,383533,2923887,332081,2591806,88.64248174
Missouri,20.05%,18.06%,22.19%,23.27%,20.18%,26.68%,19.52%,17.31%,21.95%,6059651,5876366,897755,15.27738402,27044,4823223,2835183,200143,3.302879984,19699,1768198,2372362,1584735,787627,995731,5946094,744661,5201433,87.47646775
Montana,19.78%,17.88%,21.84%,26.11%,23.10%,29.35%,18.77%,16.64%,21.10%,1023391,998314,148677,14.89280928,27309,822530,490742,29382,2.871043423,3475,298931,412653,277307,135346,157423,1007946,130081,877865,87.09444752
Nebraska,17.88%,16.03%,19.88%,24.79%,21.73%,28.12%,16.64%,14.57%,18.95%,1881259,1827191,227021,12.42459053,28596,1463872,977353,42544,2.261464264,4840,439135,741581,489806,251775,302434,1852809,227922,1624887,87.69857012
Nevada,18.87%,16.88%,21.04%,24.82%,21.69%,28.24%,18.01%,15.80%,20.44%,2839172,2798543,417257,14.90979413,27253,2248477,1302162,133525,4.70295565,7934,804856,1030701,564787,465914,391607,2804116,335045,2469071,88.05167119
New Hampshire,19.15%,17.30%,21.14%,26.70%,23.59%,30.06%,17.98%,15.92%,20.24%,1327503,1285437,109690,8.53328479,35264,1094783,706801,37727,2.841952146,1675,348580,521373,368553,152820,248447,1310949,153935,1157014,88.25774305
New Jersey,16.19%,14.56%,17.95%,20.96%,18.41%,23.76%,15.48%,13.68%,17.47%,8915456,8739058,949341,10.86319601,37538,7143654,4322619,368870,4.137421574,8124,2444041,3195014,2047794,1147220,1405016,8807899,1096944,7710955,87.54590624
New Mexico,17.73%,15.88%,19.74%,24.08%,21.03%,27.41%,16.68%,14.63%,18.96%,2082669,2042014,426814,20.90161968,24459,1637594,876210,81175,3.89764288,8992,671217,762551,516819,245732,292010,2048093,243055,1805038,88.13261898
New York,17.61%,16.39%,18.91%,23.63%,21.68%,25.70%,16.63%,15.25%,18.11%,19697457,19186062,2967564,15.46729079,34212,15964950,9340878,759224,3.854426488,22976,5841872,7266187,3894613,3371574,2439349,19453583,2694107,16759476,86.15110132
North Carolina,18.02%,16.41%,19.75%,22.32%,19.66%,25.23%,17.34%,15.56%,19.28%,9940828,9685511,1631704,16.84685506,26779,7907915,4460824,404584,4.069922546,82857,2959650,3815392,2471723,1343669,1599623,9745671,1227583,8518088,87.40381242
North Dakota,18.30%,16.46%,20.31%,23.90%,20.84%,27.25%,17.15%,15.04%,19.49%,736162,710355,79314,11.16540321,33107,585370,395584,11250,1.528196239,6097,172439,305163,193909,111254,102847,720312,92651,627661,87.13737936
Ohio,19.85%,18.49%,21.29%,25.42%,23.31%,27.65%,18.97%,17.44%,20.60%,11586941,11267500,1732839,15.3790903,27800,9255859,5425647,423956,3.658912219,8117,3398139,4601449,3035485,1565964,1954752,11413979,1353834,10060145,88.13880768
Oklahoma,20.02%,17.98%,22.22%,23.59%,20.54%,26.94%,19.40%,17.10%,21.93%,3875589,3760050,621155,16.51986011,25628,3025259,1733000,110120,2.841374563,18115,1164024,1461500,960161,501339,543373,3794815,511928,3282887,86.50980351
Oregon,23.59%,21.31%,26.03%,27.85%,24.36%,31.63%,22.95%,20.44%,25.66%,3982267,3905386,614223,15.72758749,28822,3219754,1832620,160797,4.037825691,2520,1223817,1545745,948587,597158,635541,3943363,540930,3402433,86.28252078
Pennsylvania,17.98%,16.64%,19.40%,24.38%,22.17%,26.72%,16.99%,15.51%,18.59%,12783977,12369671,1647762,13.32098485,30137,10402780,6043693,468440,3.664274427,4782,3885865,4961929,3425706,1536223,2090142,12579598,1720122,10859476,86.32609723
Rhode Island,19.59%,17.60%,21.76%,24.76%,21.61%,28.20%,18.67%,16.42%,21.14%,1054491,1013916,140161,13.82372899,31904,868361,520482,43600,4.134696266,3203,301076,410240,244748,165492,170131,1038432,139696,898736,86.54740994
South Carolina,18.56%,16.63%,20.66%,23.73%,20.79%,26.95%,17.76%,15.61%,20.12%,4834605,4693266,806422,17.18253344,25521,3871553,2129323,194454,4.022127971,30595,1517181,1839041,1258661,580380,748501,4736274,650297,4085977,86.26986108
South Dakota,17.70%,15.82%,19.76%,23.75%,20.76%,27.03%,16.68%,14.58%,19.01%,851058,822334,115300,14.02106687,27516,663635,434693,18636,2.189745,2607,207699,333536,226145,107391,127191,833674,95721,737953,88.51817377
Tennessee,19.24%,17.37%,21.26%,23.90%,20.84%,27.24%,18.50%,16.42%,20.79%,6548009,6386751,1100169,17.22580072,26019,5222438,2937131,238372,3.640373738,17933,2029002,2522204,1673043,849161,1011470,6445597,822630,5622967,87.23733426
Texas,16.32%,15.22%,17.49%,21.62%,19.79%,23.57%,15.37%,14.14%,16.69%,26956435,26334005,4397307,16.69820827,27828,20599223,12371392,848131,3.146302543,92754,7286946,9289554,5747458,3542096,3389912,26478868,2967668,23511200,88.79231544
Utah,23.47%,21.50%,25.57%,28.99%,25.46%,32.79%,22.24%,19.98%,24.69%,2948427,2901465,338808,11.67713552,25600,2136930,1374146,73114,2.479762938,4079,685591,918367,638767,279600,455232,2922538,314815,2607723,89.22802715
Vermont,19.84%,17.87%,21.96%,30.05%,26.33%,34.05%,18.06%,15.88%,20.47%,626249,601538,69673,11.58247692,30663,520197,327237,17087,2.728467431,406,175467,257107,181461,75646,115802,620216,75605,544611,87.80989204
Virginia,18.78%,17.18%,20.50%,25.39%,22.75%,28.23%,17.72%,15.92%,19.68%,8310301,8060892,921664,11.43377185,34967,6653111,4036456,255340,3.072572221,111328,2249987,3090178,2032761,1057417,1426042,8096958,1115904,6981054,86.21823159
Washington,22.81%,20.50%,25.31%,24.81%,21.49%,28.46%,22.51%,19.91%,25.33%,7073146,6939622,883256,12.72772494,32999,5647697,3331321,244692,3.459450717,47291,2024393,2696606,1683381,1013225,1168842,6967768,921090,6046678,86.78070223
West Virginia,22.89%,20.69%,25.25%,23.96%,20.82%,27.41%,22.73%,20.27%,25.39%,1846092,1792808,318060,17.74088469,24002,1509212,750412,61215,3.315923583,853,696732,739397,535940,203457,255046,1817156,197562,1619594,89.12795599
Wisconsin,18.54%,16.67%,20.58%,25.53%,22.38%,28.95%,17.40%,15.34%,19.66%,5754798,5603274,713472,12.7331271,29253,4603725,2910339,169426,2.944082486,2421,1521539,2310246,1547633,762613,1007824,5681891,686755,4995136,87.9132669
Wyoming,20.25%,18.22%,22.44%,26.55%,23.42%,29.93%,19.25%,16.97%,21.76%,583029,568943,65762,11.55862714,30139,459198,293598,15118,2.593009953,2388,148094,226985,155741,71244,90072,573538,71020,502518,87.61721107
Puerto Rico,,,,,,,,,,3529385,3496728,1577075,45.10144913,11688,2863657,1055106,226880,6.428315415,1204,1580467,1237180,848735,388445,344404,3502814,241097,3261717,93.11704818